Note results from Aitkenhead et al. are include as an estimated Galss Delta ES from average z score reported in the paper.,,,,,,,,239,,,,,,pilotto et al - estimated SD from:  https://www.math.hkbu.edu.hk/~tongt/papers/median2mean.html,,,,,,,,,,,,,,,,,,,,,,,,,,,,,,,,,,,,,,,
0.029288703,measures exc;ided as outlierer EF >2 SD from the mean of a function,,,,,,,,,,,,,,,,,,,,,,,,,,,,,,,,,,,,,,,,,,,,,,,,,,,,
,,,,,,,,,,,,,,,,,,,,,,,,,,,,,,,,,,,,,,,,,,,,,,,,,,,,,
,,,,,,,,PKU GROUP,,,,,CONTROL GROUP,,,,EFFECT SIZES,,,,,,,,,,,,,,,,,,,,,,,,,,,,,,,,,,,,
Function,Study Information,Year of study,Short title,Task,Study Num,Measure Num,,Mean,SD,N_pps,Current Phe Mean,,Mean,SD,N_pps,,Cohen' s D - not revr,,Cohen' s D,Hedge' s G,Effect size Glass delta,,Age diet starts,Age diet starts,Diet termination,Age diet starts,Glass delta SD,t_diff,,,,,,,,Mean,SD,N pps,,%,,Raw,Weighted,worse,,better,,,,,,FLEXIBILITY & PLANNING,
Flexibility,Aitkenhead et al 2021,2021,Letter fluency,Letter fluency 'S' - N correct,1,1,,--,--,150,908,,--,--,76,,--,,--,--,-0.44,-2.5,1,,-,,0.97,-5.54,,,,,,,,,,,,,,,,,,,,,,,,,
Flexibility,Aitkenhead et al 2021,2021,Semantic fluency,Semantic fluency animals - N correct,1,2,,--,--,150,908,,--,--,76,,--,,--,--,0.07,,1,,-,,0.99,0.902,,,,,,,,,,,,,,,,,,,,,,,,,
Flexibility,Aitkenhead et al 2021,2021,DKefs Card Sorting,DKefs Card Sorting,1,3,,--,--,152,908,,--,--,76,,--,,--,--,-0.26,,1,,-,,1,3.14,,,,,,,,,,,,,,,,,,,,,,,,,
Flexibility,Aitkenhead et al 2021,2021,Digit/symbol coding,Symbol-digit matching test,1,4,,--,--,152,908,,--,--,77,,,,,,-0.61,,1,,-,,1.29,5.86,,,,,,,,,,,,,,,,,,,,,,,,,
Flexibility,Channon et al 2004,2004,Letter fluency,Letter fluency - N correct,2,5,,8.0,1.6,20,859,,9.8,2.5,20,,0.82,-1,-0.82,-0.80,-0.68,,2,Within 1 month,cont treat,Within 1 month,,,,,,,,,,-9.8,2.5,20,,,,,,,,,,,,,,Channon et al 2004,1
Flexibility,Channon et al 2005,2005,Object Alternation-% correct,Object alternation learning  -  %  correct,3,6,,66.5,15.8,25,759,,67.6,16.7,25,,0.07,-1,-0.07,-0.07,-0.07,,2,Within 1 month,cont treat,Within 1 month,,,,,,,,,,-67.6,16.7,25,,,,,,,,,,,,,,Channon et al 2005,2
Flexibility,Channon et al 2005,2005,Object Alternation-Speed,Object alternation learning - Speed per item (sec.),3,7,,0.9,0.3,25,759,,0.8,0.4,25,,-0.30,1,-0.30,-0.30,-0.26,,2,Within 1 month,cont treat,Within 1 month,,,,,,,,,,0.8,0.4,25,,,,,,,,,,,,,,Channon et al 2005,3
Flexibility,Channon et al 2007,2007,Object Alternation-% correct,Object alternation learning  % correct off diet vs controls,4,8,,60.2,17.8,25,1286,,66.0,16.4,45,,0.34,-1,-0.34,-0.34,-0.35,,2,Within 1 month,cont treat,Within 1 month,,,,,,,,,,-66,16.4,45,,,,,,,,,,,,,,Channon et al 2007,4
Flexibility,Channon et al 2007,2007,Object Alternation-Speed,Object alternation learning; off diet vs controls - Speed per item ,4,9,,0.9,0.4,25,1286,,0.8,16.4,45,,-0.01,1,-0.01,-0.01,-0.01,,2,Within 1 month,cont treat,Within 1 month,,,,,,,,,,0.8,16.4,45,,,,,,,,,,,,,,Channon et al 2007,5
Flexibility,Moyle et al 2007,2007,Letter fluency,Phonemic fluency - N correct,5,10,,39.0,13.9,12,-,,41.0,11.1,12,,0.16,-1,-0.16,-0.15,-0.17,,1,From birth,"cont treat, but off diet",Soon after birth,,,,,,,,,,-41,11.1,12,,,,,,,,,,,,,,Moyle et al 2007,6
Flexibility,Moyle et al 2007,2007,Semantic fluency,Semantic fluency - N correct,5,11,,21.0,11.1,12,-,,23.0,3.8,12,,0.24,-1,-0.24,-0.23,-0.51,,1,From birth,"cont treat, but off diet",Soon after birth,,,,,,,,,,-23,3.8,12,,,,,,,,,,,,,,Moyle et al 2007,7
Flexibility,Moyle et al 2007,2007,TMT; B-A - Time,Trail making B-A - Time (sec.),5,12,,40.0,35.0,12,-,,31.0,11.9,12,,-0.34,1,-0.34,-0.33,-0.73,,1,From birth,"cont treat, but off diet",Soon after birth,,,,,,,,,,31,11.9,12,,,,,,,,,,,,,,Moyle et al 2007,8
Flexibility,Nardecchia et al 2015,2015,WCST- N perseverations,WCST - N perseverative responses,6,13,,108.5,17.8,14,-,,105.9,9.7,14,,-0.18,1,-0.18,-0.17,-0.26,,3,Witihn 2 months,cont treat,Witihn 2 months,,,,,,,,,,105.9,9.7,14,,,,,,,,,,,,,,Nardecchia et al 2015,9
Flexibility,Nardecchia et al 2015,2015,WCST-N cat,WCST- N of completed categories,6,14,,5.6,1.2,14,-,,6.0,0.1,14,,0.52,-1,-0.52,-0.51,-4.17,,3,Witihn 2 months,cont treat,Witihn 2 months,,,,,,,,,,-6,0.1,14,,,,,,,,,,,,,,Nardecchia et al 2015,10
Flexibility,Palermo et al 2017,2017,Digit/symbol - % err,Digit symbol coding - % error,7,15,,37.3,11.3,37,720,,27.1,10.2,30,,-0.95,1,-0.94,-0.93,-0.99,,1,Since birth,cont treat,Soon after birth,,,,,,,,,,27.1,10.2,30,,,,,,,,,,,,,,Palermo et al 2017,14
Flexibility,Palermo et al 2017,2017,Letter fluency ,Letter fluency - N correct,7,16,,35.9,11.4,37,720,,41.8,12.9,30,,0.48,-1,-0.49,-0.48,-0.45,,1,Since birth,cont treat,Soon after birth,,,,,,,,,,-25,5,30,,,,,,,,,,,,,,Palermo et al. 2017,15
Flexibility,Palermo et al 2017,2017,Semantic fluency ,Semantic fluency - N correct,7,17,,21.4,6.2,37,720,,25.0,5.0,30,,0.64,-1,-0.63,-0.62,-0.71,,1,Since birth,cont treat,Soon after birth,,,,,,,,,,-25,5,30,,,,,,,,,,,,,,Palermo et al. 2017,15
Flexibility,Palermo et al 2017,2017,TMT B-A - Time,Trail making - Difference B-A time (sec.),7,18,,19.0,10.8,37,720,,20.7,13.3,30,,0.14,1,0.14,0.14,0.13,,1,Since birth,cont treat,Soon after birth,,,,,,,,,,20.7,13.3,30,,,,,,,,,,,,,,Palermo et al 2017,11
Flexibility,Palermo et al 2017,2017,WCST- N categories - correct,WCST - N of completed categories,7,19,,3.9,1.2,37,720,,4.4,0.9,30,,0.47,-1,-0.46,-0.46,-0.55,,1,Since birth,cont treat,Soon after birth,,,,,,,,,,-4.4,0.9,30,,,,,,,,,,,,,,Palermo et al 2017,13
Flexibility,Palermo et al 2017,2017,WCST- N perseverations,WCST -  N perseverative responses,7,20,,8.1,5.1,37,720,,6.8,4.4,30,,-0.27,1,-0.27,-0.27,-0.29,,1,Since birth,cont treat,Soon after birth,,,,,,,,,,6.8,4.4,30,,,,,,,,,,,,,,Palermo et al 2017,12
Flexibility,Pilotto et al 2021,2021,Letter fluency,Phonemic fluency - N correct,8,21,,16.0,8.0,19,890,,21.0,2.4,25,,0.85,-1,-0.90,-0.89,-2.08,,2,,cont treat,Within 1 month,,,,,,,,,,,,,,,,,,,,,,,,,,,
Flexibility,Pilotto et al 2021,2021,Semantic fluency,Semantic fluency - N correct,8,22,,25.0,9.6,19,890,,34.0,4.7,25,,1.19,-1,-1.24,-1.22,-1.87,,2,,cont treat,Within 1 month,,,,,,,,,,,,,,,,,,,,,,,,,,,
Flexibility,Pilotto et al 2021,2021,TMT B,Trail making B -Time (sec.),8,23,,70.0,25.6,19,890,,41.0,11.0,25,,-1.47,1,-1.55,-1.52,-2.59,,2,,cont treat,Within 1 month,,,,,,,,,,,,,,,,,,,,,,,,,,,
Flexibility,Ris et al 1994,2017,WCST- N perseverations,WCST -  N perseverative responses,9,24,,21.0,32.0,25,1332,,12.0,9.0,15,,-0.38,1,-0.35,-0.34,-0.98,,1,Since birth,cont treat,Soon after birth,,,,,,,,,,-12,9,15,,,,,,,,,,,,,,Ris et al 1994,16
Flexibility,Romani et al 2020,2020,Digit/symbol - % err,Digit symbol coding - % error,10,25,,41.6,12.0,19,1042,,39.4,9.1,19,,-0.21,1,-0.21,-0.20,-0.24,,1,Since birth,cont treat,Soon after birth,,,,,,,,,,,,,,,,,,,,,,,,,,,
Flexibility,Romani et al 2020,2020,Letter fluency ,Letter fluency - N correct,10,26,,39.0,11.0,19,1042,,47.5,9.3,19,,0.83,-1,-0.83,-0.82,-0.89,,1,Since birth,cont treat,Soon after birth,,,,,,,,,,,,,,,,,,,,,,,,,,,
Flexibility,Romani et al 2020,2020,Semantic fluency ,Semantic fluency - N correct,10,27,,20.1,4.8,19,1042,,23.5,3.6,19,,0.80,-1,-0.80,-0.78,-0.92,,1,Since birth,cont treat,Soon after birth,,,,,,,,,,,,,,,,,,,,,,,,,,,
Flexibility,Romani et al 2020,2020,TMT B-A - Time,Trail making - Difference B-A time (sec.),10,28,,47.5,29.0,19,1042,,24.4,13.1,19,,-1.03,1,-1.03,-1.01,-1.73,,1,Since birth,cont treat,Soon after birth,,,,,,,,,,,,,,,,,,,,,,,,,,,
Flexibility,Romani et al 2020,2020,WCST- N categories - correct,WCST - N of completed categories,10,29,,4.0,1.1,19,1042,,4.1,1.0,19,,0.10,-1,-0.10,-0.09,-0.10,,1,Since birth,cont treat,Soon after birth,,,,,,,,,,,,,,,,,,,,,,,,,,,
Flexibility,Romani et al 2020,2020,WCST- N perseverations,WCST -  N perseverative responses,10,30,,7.0,3.1,19,1042,,7.8,3.3,19,,0.25,1,0.25,0.24,0.24,,1,Since birth,cont treat,Soon after birth,,,,,,,,,,,,,,,,,,,,,,,,,,,
Flexibility,Smith et al 1996 - High Phe,1996,WCST- N categories-correct,,11,31,,4.4,1.7,11,1545,,5.6,1.3,22,,0.78,-1,-0.81,-0.79,-0.87,,--,--,--,--,,,,,,,,,,,,,,,,,,,,,,,,,,,
Flexibility,Smith et al 1996 - High Phe,1996,WCST- N perseverations,,11,32,,23.0,10.1,11,1545,,9.7,8.2,22,,-1.45,1,-1.50,-1.46,-1.58,,--,--,--,--,,,,,,,,,,,,,,,,,,,,,,,,,,,
Flexibility,Smith et al 1996 - Low Phe,1996,WCST- N categories-correct,,12,33,,6.0,0.0,11,566,,5.6,1.3,22,,-0.44,-1,0.37,0.37,0.30,,--,--,--,--,,,,,,,,,,,,,,,,,,,,,,,,,,,
Flexibility,Smith et al 1996 - Low Phe,1996,WCST- N perseverations,,12,34,,7.6,4.3,11,566,,9.7,8.2,22,,0.32,1,0.29,0.28,0.25,,--,--,--,--,,,,,,,,,,,,,,,,,,,,,,,,,,,
Flexibility,Sundermann et al 2020,2020,TMT - Time,,13,35,,60.4,43.5,16,926,,53.3,7.4,17,,-0.23,1,-0.23,-0.23,-0.95,,4,within 3 months,--,Within 3 months,,,,,,,,,,,,,,,,,,,,,,,,,,,
,,,,,14,35,,,13.0,385,927,,,7.7,342,,,,-0.47,-0.46,-0.62,,,,,,,,,,,,,,,,,,,,,,,,,,,,,,,,
,,,,,,,,,,,,,,,,,,,0.50,0.49,0.92,,,,,,,,,,,,,,,,,,,,,,,,,,,,,,,,
Reasoning ,Channon et al 2004,2004,Brixton scaled - Score,Brixton text scaled score (rule finding) higher scores indiciate fewer errors,1,1,,7.0,1.7,20,859,,7.2,1.1,20,,0.14,-1,-0.14,-0.14,-0.17,-5.1,2,Within 1 month,cont treat,Within 1 month,,,,,,,,,,,,,,,,p value,p value,Note scale from -3 to +2,,,,,,,,,
Reasoning ,Channon et al 2004,2004,Six elements - Rules per minute,Six elements rules per minute,1,2,,0.5,0.1,20,859,,0.6,0.1,20,,0.33,-1,-0.33,-0.32,-0.42,,2,Within 1 month,cont treat,Within 1 month,,,,,,,,,,,,,,,,,,,,,,,,,,,
Reasoning ,Nardecchia et al 2015,2015,Tower of London - Score,Tower of London - Performance score,2,3,,98.1,13.0,14,-,,100.9,8.8,14,,0.24,-1,-0.24,-0.24,-0.30,,3,Witihn 2 months,cont treat,Witihn 2 months,,,,,,,,,,,,,,,,,,,,,,,,,,REASONING AND PLANNING,
Reasoning ,Nardecchia et al 2015,2015,Elithorns - N solved trials,Elithorns Maze Test  - N of solved puzzles,2,4,,86.9,23.1,14,-,,108.3,4.4,14,,1.29,-1,-1.29,-1.25,-4.77,,3,Witihn 2 months,cont treat,Witihn 2 months,,,,,,,,,,,,,,,,average,average,,,,,,,,,,
Reasoning ,Palermo et al 2017,2017,Tower of Hanoi - % of unsolved trials ,Tower of Hanoi - % of solved trials ,3,5,,20.6,28.2,37,720,,2.9,7.9,30,,-0.85,1,-0.82,-0.81,-2.21,,1,Since birth,cont treat,Soon after birth,,,,,,,,,,,,,,,,,,,,,,,,,,,
Reasoning ,Pilotto et al 2021,2021,Tower of London - Score,,4,6,,16.0,3.2,19,890,,18.0,1.6,25,,0.79,-1,-0.83,-0.82,-1.25,,,,,,,,,,,,,,,,,,,,,,,,,,,,,,,,
,,,,,4,6,,,11.6,90,823,,,4.0,89,,,,-0.61,-0.59,-1.52,,,,,,,,,,,,,,,,,,,,,,,,,,,,,,,,
,,,,,,,,,,,,,,,,,,,0.44,0.43,1.77,,,,,,,,,,,,,,,,,,,,,,,,,,,,,,,,
Inhibition,Channon et al 2004,2004,Hayling Sentence Completion B - cor/sec.,Hayling Sentence Completion Test B  - Correct completions per sec.,1,1,,0.6,0.3,20,859,,0.8,0.5,20,,0.41,-1,-0.41,-0.40,-0.33,-1.191558576,2,Within 1 month,cont treat,Within 1 month,,,,,,,,,,,,,,,,,,,,,,,,,,,
Inhibition,Channon et al 2005 on diet,2005,"Flanker Task, on diet, Comp-inc-N correct", Flanker Task; on diet - Difference compatible-incompatible - Number correct,2,2,,1.700,0.712,25.000,758.790,,1.900,0.688,25,,0.29,1,0.29,0.28,0.29,,2,Within 1 month,cont treat,Within 1 month,,,,,,,,,,,,,,,,,,,,,,,,,,,
Inhibition,Channon et al 2005 on diet,2005,"Flanker Task, Inc-comp-Speed ", Flanker Task; on diet - Difference Incompatible- compatible - Speed per item (sec.),2,3,,0.020,0.016,25.000,758.790,,0.030,0.013,25,,0.70,1,0.70,0.69,0.77,,2,Within 1 month,cont treat,Within 1 month,,,,,,,,,,,,,,,,,,,,,,,,,,,
Inhibition,Channon et al 2007 off diet,2007,"Flanker task, Comp-inc N cor",Flanker task; off diet - Difference compatible-incompatible - Number correct,3,4,,0.9500,0.5500,25,1286,,2.0600,0.4800,45,,2.15,1,2.19,2.17,2.29,,2,Within 1 month,cont treat,Within 1 month,,,,,,,,,,,,,,,,,,,,,,,,,,,
Inhibition,Channon et al 2007 off diet,2007,"Flanker Task, Inc-comp Speed ", Flanker Task; off diet - Difference incomp-compatible trials- Speed per item (sec.),3,5,,0.0300,0.0210,25,1287,,0.0300,0.0130,45,,0.00,1,0.00,0.00,0.00,,2,Within 1 month,cont treat,Within 1 month,,,,,,,,,,,,,,,,,,,,,,,,,,,
Inhibition,De Felice et al 2018,2018,Hayling Sentence Completion B-N err,Hayling Sentence Completion Test - Part 2  - N errors,4,6,,1.5,2.0,15,751,,1.0,1.8,24,,-0.26,1,-0.27,-0.26,-0.27,,1,Since birth,cont treat,Soon after birth,,,,,,,,,,,,,,,,,,,,,,,,,,,
Inhibition,De Felice et al 2018,2018,Hayling Sentence Completion B-Time ,Hayling Sentence Completion Test Part 2 - Time (sec.) ,4,7,,0.7,1.4,15,751,,1.3,2.0,24,,0.35,1,0.33,0.33,0.29,,1,Since birth,cont treat,Soon after birth,,,,,,,,,,,,,,,,,,,,,,,,,,,
Inhibition,De Felice et al 2018,2018,Block Cyclic Naming-Diff 4th-1st cycle-RT,Block Cyclic Naming Semantic Interference -  4th cycle-1st cycle - RT,4,8,,85.9,16.7,15,751,,75.7,19.2,24,,-0.57,1,-0.56,-0.55,-0.52,,1,Since birth,cont treat,Soon after birth,,,,,,,,,,,,,,,,,,,,,,,,,,,
Inhibition,Moyle et al 2006,2006,Go-No go RT  (only no go),,5,9,,316.0,35.6,9,1000,,284.0,15.6,9,,-1.17,1,-1.17,-1.11,-1.96,,--,,cont treat,Early treated,,,,,,,,,,,,,,,,,,,,,,,,,,,
Inhibition,Moyle et al 2007,2006,Go-No go false alarms ,errors for no-go trials,7,10,,33.3,16.3,9,-,,19.2,10.4,9,,-1.03,1,-1.03,-0.98,-1.29,,1,,cont treat,Soon after birth,,,,,,,,,,,,,,,,,,,,,,,,,,,
Inhibition,Palermo et al 2017,2017,"Stroop, Incongruous-congruous - % err",Stroop Task; Differene incongruous-congruous - % errors,8,11,,0.5,1.1,37,720,,0.8,1.0,30,,0.29,1,0.28,0.28,0.30,,1,Since birth,cont treat,Soon after birth,,,,,,,,,,,,,,,,,,,,,,,,,,,
Inhibition,Palermo et al 2017,2017,"Stroop, Incongruous-congruous- RT",Stroop Task; Difference incongruous-congruous- RT,8,12,,111.3,86.7,37,720,,94.3,51.9,30,,-0.24,1,-0.23,-0.23,-0.32,,1,Since birth,cont treat,Soon after birth,,,,,,,,,,,,,,,,,,,,,,,,,,,
Inhibition,Palermo et al 2017,2017,Continuous Naming - 5th-1st pos-% err,Naming Semantic Interference Task - Difference position 5-1 - % errors,8,13,,1.3,2.0,37,720,,1.1,1.6,30,,-0.11,1,-0.11,-0.11,-0.12,,1,Since birth,cont treat,Soon after birth,,,,,,,,,,,,,,,,,,,,,,,,,,,
Inhibition,Palermo et al 2017,2017,Continuous Naming -  5th-1st pos-RT,Naming Semantic Interference Task - Difference position 5-1 - RT,8,14,,173.0,94.6,37,720,,145.0,62.9,30,,-0.35,1,-0.34,-0.34,-0.44,,1,Since birth,cont treat,Soon after birth,,,,,,,,,,,,,,,,,,,,,,,,,,,
Inhibition,Sundermann et al 2020,2020,Go-No go cor RT,,9,15,,471.1,45.0,16,926,,448.6,72.7,17,,-0.37,1,-0.37,-0.36,-0.30,,4,within 3 months,--,within 3 months,,,,,,,,,,,,,,,,,,,,,,,,,,,
Inhibition,Sundermann et al 2020,2020,Go-No go Err,,9,16,,18.1,13.4,16,926,,10.1,6.5,17,,-0.76,1,-0.77,-0.75,-1.20,,4,within 3 months,--,within 3 months,,,,,,,,,,,,,,,,,,,,,,,,,,,
Inhibition,Sundermann et al 2011 - Gr1,2011,"Stroop, Incongruous-neutral - RT",Stroop; Difference incongruous-neutral - RT - Placebo second session,10,17,,167.0,81.3,8,1140,,157.2,80.9,15,,-0.12,1,-0.12,-0.12,-0.12,,1,Since birth,till  adolescence,Soon after birth,,,,,,,,,,,,,,,,,,,,,,,,,,,
Inhibition,Sundermann et al 2011 - Gr2,2011,"Stroop, Incongruous-neutral - RT",Stroop; Difference incongruous-neutral - RT - Placebo first session,11,18,,121.5,64.0,9,1210,,124.1,98.6,15,,0.03,1,0.03,0.03,0.03,,1,Since birth,till  adolescence,Soon after birth,,,,,,,,,,,,,,,,,,,,,,,,,,,
Inhibition,Ulrich et al. 1996,1996,Colour Word Interference Task,CWIT - Time,12,19,,52.3,8.1,8,1253,,54.0,6.1,8,,0.24,1,0.24,0.22,0.26,,--,--,cont treat,--,,,,,,,,,,,,,,,,,,,,,,,,,,,
,,,,,12,19,,,24.7,172,990,,,22.8,208,,,,-0.07,-0.06,-0.18,,,,,,,,,,,,,,,,,,,,,,,,,,,,,,,,
,,,,,,,,,,,,,,,,,,,0.72,0.71,0.51,,,,,,,,,,,,,,,,,,,,,,,,,,,,,,,,
Sustained attention,Burgard et al 1997 - German,1997,Dot pattern-Level-Time,Level of dot pattern exercise; adults german vs controls - Time,1,1,,8.7,1.3,8,870,,7.5,0.8,8,,-1.11,1,-1.11,-1.05,-1.42,-3.58,4,Within  3 months,5 years,Within  3 months,,,,,,,,,,,,,,,,,,,,,,,,,,,
Sustained attention,Burgard et al 1997 - German,1997,Dot pattern-Stabililty-Time,Stability dot pattern exercise; adults french vs controls - Time,1,2,,1.0,0.3,8,870,,0.7,0.2,8,,-1.18,1,-1.18,-1.11,-1.42,,4,Within  3 months,5 years,Within  3 months,,,,,,,,,,,,,,,,,,,,,,,,,,,
Sustained attention,Channon et al 2004,2004,Telephone Search - N tones/min,Telephone Search - N of tones counted per minute,2,3,,18.5,4.9,20,859,,22.8,5.5,20,,0.83,-1,-0.83,-0.82,-0.77,,2,Within 1 month,cont treat,Within 1 month,,,,,,,,,,,,,,,,,,,,,,,,,,,
Sustained attention,Jahja et al 2017,2017,Dots task - N err,Sustained attention dots task - N errors,3,4,,24.6,14.7,57,655,,17.3,10.3,57,,-0.58,1,-0.58,-0.57,-0.70,,1,Since birth,-,Soon after birth,,,,,,,,,,,,,,,,,,,,,,,,,,,
Sustained attention,Jahja et al 2017,2017,Dots task - Series time,Sustained attention dots task - Mean series time (sec.),3,5,,9.3,1.8,57,655,,8.7,1.5,57,,-0.36,1,-0.36,-0.36,-0.40,,1,Since birth,-,Soon after birth,,,,,,,,,,,,,,,,,,,,,,,,,,,
Sustained attention,Palermo et al 2017,2017,Rapid Visual Processing - % err,Rapid visual Information Processing -RVP -  % errors,4,6,,18.9,11.3,37,720,,13.3,8.8,30,,-0.55,1,-0.55,-0.54,-0.63,,1,Since birth,cont treat,Soon after birth,,,,,,,,,,,,,,,,,,,,,,,,,,,
Sustained attention,Pilotto et al 2021,2021,Test D2,N correct?,5,7,,144,65.7,19,890,,258,27.5,25,,2.26,-1,-2.39,-2.34,-4.07,,2,,cont treat,,,,,,,,,,,,,,,,,,,,,,,,,,,,
Sustained attention,Romani et al 2020,2020,Rapid Visual Processing - % err,Rapid visual Information Processing -RVP -  % errors,6,8,,24.2,12.0,19,1042,,15.9,9.6,19,,-0.76,1,-0.76,-0.75,-0.85,,1,Since birth,-,Soon after birth,,,,,,,,,,,,,,,,,,,,,,,,,,,
Sustained attention,Schmidt et al 1994,1994,Dot pattern exercise t1 - N err,Dot pattern exercise T1 - N errors,7,9,,51.9,8.7,19,1417,,39.9,6.6,20,,-1.55,1,-1.56,-1.53,-1.78,,--,Early treated,-,Early treated,,,,,,,,,,,,,,,,,,,,,,,,,,,
Sustained attention,Schmidt et al 1994,1994,Dot pattern exercise t1 - RT,Dot pattern exercise T1 - RT,7,10,,1010.0,1318.0,19,1417,,729.0,691.0,20,,-0.27,1,-0.27,-0.26,-0.40,,--,Early treated,-,Early treated,,,,,,,,,,,,,,,,,,,,,,,,,,,
Sustained attention,Ulrich et al. 1996,1996,Dot pattern exercise t1 - RT,Sonnevitle Visual Attention Task - Dot Pattern Exercise t1 - RT in sec,8,11,,12.3,4.5,8,1253,,8.7,1.2,8,,-1.09,1,-1.09,-1.03,-2.88,,--,--,-,--,,,,,,,,,,,,,,,,,,,,,,,,,,,
Sustained attention,Weglage et al 2013,2013,D2 Test - N correct; baseline,D2 Test - N correct - mistakes,9,12,,99.1,14.9,57,810,,103.6,13.6,46,,0.32,-1,-0.31,-0.31,-0.33,,3,Within 10 weeks ,-,Within 10 weeks ,,,,,,,,,,,,,,,,,,,,,,,,,,,
,,,,,9,12,,,121.5,27.11111111,8515.9,,,64.7,233,,,,-0.92,-0.89,-1.30,,,,,,,,,,,,,,,,,,,,,,,,,,,,,,,,
,,,,,,,,,,,,,,,,,,,0.61,0.59,1.14,,,,,,,,,,,,,,,,,,,,,,,,,,,,,,,,
Higher Language Skills,De Felice et al 2018,2018,Verbal Narrative - Speech rate,Verbal Narrative - Speech Rate,1,1,,2.2,0.4,33,751,,2.4,0.4,32,,0.50,-1,-0.50,-0.49,-0.49,-1.45,1,Since birth,cont treat,Soon after birth,,,,,,,,,,,,,,,,,,,,,,,,,,,
Higher Language Skills,De Felice et al 2018,2018,Verbal Narrative - Mean utterance length,Verbal Narrative - Mean utterance length,1,2,,13.2,2.5,33,751,,14.2,3.0,32,,0.36,-1,-0.36,-0.36,-0.33,,1,Since birth,cont treat,Soon after birth,,,,,,,,,,,,,,,,,,,,,,,,,,,
Higher Language Skills,De Felice et al 2018,2018,Verbal Narrative - Main concepts - % cor,Verbal Narrative - Main concepts - %  correct answers ,1,3,,81.1,21.2,33,751,,86.7,10.9,32,,0.33,-1,-0.33,-0.33,-0.51,,1,Since birth,cont treat,Soon after birth,,,,,,,,,,,,,,,,,,,,,,,,,,,
Higher Language Skills,De Felice et al 2018,2018,Verbal Narrative - % cor info units ,Verbal Narrative - Correct information units (% of total words),1,4,,87.7,7.8,33,751,,91.7,4.6,32,,0.62,-1,-0.62,-0.61,-0.86,,1,Since birth,cont treat,Soon after birth,,,,,,,,,,,,,,,,,,,,,,,,,,,
Higher Language Skills,De Felice et al 2018,2018,Emotional Prosody - N err,Emotional Prosody - N errors,1,5,,0.6,1.1,22,751,,0.3,0.5,25,,-0.35,1,-0.36,-0.35,-0.59,,1,Since birth,cont treat,Soon after birth,,,,,,,,,,,,,,,,,,,,,,,,,,,
Higher Language Skills,De Felice et al 2018,2018,Non Emotional Prosody - N err,Non Emotional Prosody - N errors,1,6,,0.2,0.5,22,751,,0.4,0.8,25,,0.30,1,0.30,0.29,0.25,,1,Since birth,cont treat,Soon after birth,,,,,,,,,,,,,,,,,,,,,,,,,,,
Higher Language Skills,De Felice et al 2018,2018,Conflicting Prosody - N err,Conflicting Prosody - N errors,1,7,,1.1,1.2,22,751,,1.4,1.9,25,,0.19,1,0.19,0.18,0.16,,1,Since birth,cont treat,Soon after birth,,,,,,,,,,,,,,,,,,,,,,,,,,,
Higher Language Skills,De Felice et al 2018,2018,Metaphor Picture  - N err,Metaphor Picture Test - N errors,1,8,,1.1,1.7,22,751,,2.3,3.1,25,,0.48,1,0.47,0.46,0.38,,1,Since birth,cont treat,Soon after birth,,,,,,,,,,,,,,,,,,,,,,,,,,,
Higher Language Skills,De Felice et al 2018,2018,Metaphor Picture  - Time,Metaphor Picture Test - Total time (sec.),1,9,,58.9,34.3,22,751,,41.0,13.0,25,,-0.69,1,-0.71,-0.70,-1.35,,1,Since birth,cont treat,Soon after birth,,,,,,,,,,,,,,,,,,,,,,,,,,,
Higher Language Skills,De Felice et al 2018,2018,Appreciation of Humour-N err,Appreciation of Humour Test -  N errors,1,10,,2.0,1.3,22,751,,2.2,1.6,25,,0.14,1,0.14,0.13,0.12,,1,Since birth,cont treat,Soon after birth,,,,,,,,,,,,,,,,,,,,,,,,,,,
Higher Language Skills,De Felice et al 2018,2018,Appreciation of Humour-Time,Appreciation of Humour Test - Time (sec.),1,11,,91.6,44.0,22,751,,76.9,23.0,25,,-0.42,1,-0.43,-0.42,-0.63,,1,Since birth,cont treat,Soon after birth,,,,,,,,,,,,,,,,,,,,,,,,,,,
Higher Language Skills,De Felice et al 2018,2018,Inferred meaning - N err,Comprehension of Inferred meaning Test -  N errors,1,12,,1.3,1.2,22,751,,1.2,1.2,25,,-0.08,1,-0.08,-0.08,-0.08,,1,Since birth,cont treat,Soon after birth,,,,,,,,,,,,,,,,,,,,,,,,,,,
Higher Language Skills,De Felice et al 2018,2018,Inferred meaning - Time ,Comprehension of Inferred meaning Test - Time (sec.),1,13,,157.9,54.6,22,751,,119.2,40.0,25,,-0.81,1,-0.82,-0.80,-0.95,,1,Since birth,cont treat,Soon after birth,,,,,,,,,,,,,,,,,,,,,,,,,,,
Higher Language Skills,Palermo et al 2017,2017,WASI Vocabulary - N cor,WASI Vocabulary - N correct,1,14,,58.4,8.7,37,720,,64.2,7.2,30,,0.73,-1,-0.72,-0.71,-0.80,,1,Since birth,cont treat,Soon after birth,,,,,,,,,,,,,,,,,,,,,,,,,,,
Higher Language Skills,Palermo et al 2017,2017,WASI Similarities - N cor,WASI Similarities - N correct,1,15,,36.0,5.8,37,720,,39.2,3.6,30,,0.66,-1,-0.65,-0.64,-0.88,,1,Since birth,cont treat,Soon after birth,,,,,,,,,,,,,,,,,,,,,,,,,,,
,,,,,1,15,,,12.4,37,720,,,7.7,30,,,,-0.30,-0.30,-0.44,,,,,,,,,,,,,,,,,,,,,,,,,,,,,,,,
,,,,,,,,,,,,,,,,,,,0.41,0.40,0.51,,,,,,,,,,,,,,,,,,,,,,,,,,,,,,,,
Verbal STM/WM,Abgottspon et al. ,2022,3 back - correct,3 back - correct,1,1,,81.4,6.3,20,702,,87.4,7.9,40,,0.84,-1,-0.81,-0.80,-0.75,-1.53,1,,,,,,,,,,,,,,,,,,,,,,,,,,,,,,
Verbal STM/WM,Abgottspon et al. ,2023,4 back - speed ,3 back - speed ,1,2,,816.0,306.5,20,702,,771.6,282.4,40,,-0.15,1,-0.15,-0.15,-0.16,,1,,,,,,,,,,,,,,,,,,,,,,,,,,,,,,
Verbal STM/WM,Aitkenhead et al 2021,2021,Digit span (from WAIS IV),Digit span,2,3,,--,--,153,908,,--,--,76,,0.33,-1,--,--,-0.33,,1,,--,,1.00,-4.02,,,,,,,,,,,,,,,,,,,,,,,,,
Verbal STM/WM,Aitkenhead et al 2021,2021,Digit backwards (from WAIS IV),Digit span backwards,2,4,,--,--,153,908,,--,--,76,,0.33,-1,--,--,-0.47,,1,,--,,0.83,-6.96,,,,,,,,,,,,,,,,,,,,,,,,,
Verbal STM/WM,Channon et al 2005,2005,"0,1,2 back - % cor","Combined 0 back, 1 back, 2 back task - % correct  -on diet",3,5,,95.2,3.5,25,759,,94.6,3.7,25,,-0.16,-1,0.16,0.16,0.15,,2,Within 1 month,cont treat,Within 1 month,,,,,,,,,,,,,,,,,,,,,,,,,,,
Verbal STM/WM,Channon et al 2007,2007,"0,1,2 back - % cor","Combined 0 back, 1 back, 2 back task -  % correct - off diet",4,6,,92.4,5.0,25,1286,,93.9,4.9,45,,0.29,-1,-0.30,-0.29,-0.30,,2,Within 1 month,cont treat,Within 1 month,,,,,,,,,,,,,,,,,,,,,,,,,,,
Verbal STM/WM,Channon et al 2007,2007,"0,1,2 back - Speed","Combined 0 back, 1 back, 2 back task - Speed per item -off diet",4,7,,0.8,0.7,25,1286,,0.6,0.3,45,,-0.41,1,-0.46,-0.46,-0.80,,2,Within 1 month,cont treat,Within 1 month,,,,,,,,,,,,,,,,,,,,,,,,,,,
Verbal STM/WM,Moyle et al 2007,2007,WMS-III Auditory Immediate Memory,Auditory Immediate Memory score (WMS III),5,8,,106.0,5.4,12,-,,105.0,5.2,12,,-0.19,-1,0.19,0.18,0.19,,1,Since birth,"cont treat, but off  diet",Soon after birth,,,,,,,,,,,,,,,,,,,,,,,,,,,
Verbal STM/WM,Palermo et al 2017,2017,Digit span,Digit span,6,9,,6.1,1.0,37,720,,6.5,0.9,30,,0.42,-1,-0.42,-0.41,-0.44,,1,Since birth,cont treat,Soon after birth,,,,,,,,,,,,,,,,,,,,,,,,,,,
Verbal STM/WM,Palermo et al 2017,2017,Nonword repetition - % err,Nonword repetition - % errors,6,10,,48.2,12.5,37,720,,39.3,10.4,30,,-0.77,1,-0.77,-0.76,-0.85,,1,Since birth,cont treat,Soon after birth,,,,,,,,,,,,,,,,,,,,,,,,,,,
Verbal STM/WM,Pilotto et al 2021,2021,Digit span,Digit span,7,11,,14.0,3.2,19,890,,19.0,2.4,25,,1.78,-1,-1.82,-1.78,-2.08,,2,,cont treat,,,,,,,,,,,,,,,,,,,,,,,,,,,,
Verbal STM/WM,Romani et al 2020,2020,Digit span,Digit span,8,12,,5.9,0.9,19,1042,,5.9,1.1,19,,0.00,-1,0.00,0.00,0.00,,1,Since birth,-,Soon after birth,,,,,,,,,,,,,,,,,,,,,,,,,,,
,,,,,8,12,,,4.0,39,6307,,,3.6,272,,,,-0.44,-0.43,-0.34,,,,,,,,,,,,,,,,,,,,,,,,,,,,,,,,
,,,,,,,,,,,,,,,,,,,0.60,0.59,0.59,,,,,,,,,,,,,,,,,,,,,,,,,,,,,,,,
,,,,,,,,,,,,,,,,,,,,,,,,,,,,,,,,,,,,,,,,,,,,,,,,,,,,,
Visual STM,Channon et al 2004,2004,Self ordered pointing - N cor,Self ordered pointing test - N correct,1,1,,13.5,3.3,20,859,,17.6,3.6,20,,1.20,-1,-1.20,-1.17,-1.12,-2.22,2,Within 1 month,cont treat,Within 1 month,,,,,,,,,,,,,,,,,,,,,,,,,,,
Visual STM,Jahja et al 2017,2017,Feature integration-N err,Feature integration - N errors,2,2,,4.5,2.6,57,655,,3.9,2.6,57,,-0.23,1,-0.23,-0.23,-0.23,,1,Since birth,cont treat,Soon after birth,,,,,,,,,,,,,,,,,,,,,,,,,,,
Visual STM,Jahja et al 2017,2017,Feature integration-RT,Feature integration - RT,2,3,,1705.0,457.0,57,655,,1539.0,318.0,57,,-0.42,1,-0.42,-0.42,-0.52,,1,Since birth,cont treat,Soon after birth,,,,,,,,,,,,,,,,,,,,,,,,,,,
Visual STM,Jahja et al 2017,2017,Visuospatial sequencing-N cor,Visuospatial sequencing task - N correct,2,4,,98.6,5.6,57,655,,100.7,3.5,57,,0.45,-1,-0.45,-0.45,-0.60,,1,Since birth,cont treat,Soon after birth,,,,,,,,,,,,,,,,,,,,,,,,,,,
Visual STM,Moyle et al 2007,2017,WMS-III Visual Immedjate Memory,Visual Immediate memory score(WMS III) ,3,5,,94.0,19.4,12,-,,96.0,11.8,12,,0.12,-1,-0.12,-0.12,-0.16,,1,From birth,cont treat,Soon after birth,,,,,,,,,,,,,,,,,,,,,,,,,,,
Visual STM,Palermo et al 2017,2017,Corsi span,Corsi span,4,6,,5.3,0.9,37,720,,5.7,0.9,30,,0.44,-1,-0.44,-0.44,-0.44,,1,Since birth,cont treat,Soon after birth,,,,,,,,,,,,,,,,,,,,,,,,,,,
Visual STM,Romani et al 2020,2020,Corsi span,Corsi span,5,7,,5.9,1.0,19,1042,,5.0,1.1,19,,-0.86,-1,0.86,0.84,0.80,,,,,,,,,,,,,,,,,,,,,,,,,,,,,,,,
Visual STM,Smith et al 1996 - High Phe,1996,Self ordered pointing-N err,"Petrides & Milner, 1982",6,8,,9.3,3.7,11,1545,,4.7,2.5,22,,-1.47,1,-1.57,-1.53,-1.78,,--,--,-,--,,,,,,,,,,,,,,,,,,,,,,,,,,,
Visual STM,Smith et al 1996 - Low Phe,1996,Self ordered pointing-N err,"Petrides & Milner, 1982",7,9,,8.9,4.1,11,566,,4.7,2.5,22,,-1.25,1,-1.36,-1.33,-1.63,,--,--,-,--,,,,,,,,,,,,,,,,,,,,,,,,,,,
,,,,,7,9,,,55.3,24,5387,,,38.5,182,,,,-0.55,-0.54,-0.63,,,,,,,,,,,,,,,,,,,,,,,,,,,,,,,,
,,,,,,,,,,,,,,,,,,,0.74,0.73,0.79,,,,,,,,,,,,,,,,,,,,,,,,,,,,,,,,
Verbal learning LTM,Aitkenhead et al 2021,2021,CVLT-II Trials 1-5,CVLT-II Trials 1-5,1,1,,--,--,152,908,,--,--,76,,--,--,--,--,-0.02,-1.12,1,,-,,1.22,-0.22,,,,,,,,,,,,,,,,,,,,,,,,,
Verbal learning LTM,Channon et al 2004,2004,Rey AVLT - Delayed recall  - % corr,Rey AVLT-  Delayed recall - % corr,2,2,,75.8,19.5,20,859,,80.7,19.2,20,,0.25,-1,-0.25,-0.25,-0.25,,2,Within 1 month,cont treat,Within 1 month,,,,,,,,,,,,,,,,,,,,,,,,,,,
Verbal learning LTM,Channon et al 2004,2004,Rey AVLT - Recognition % cor,Rey AVLT Recognition - % corr,2,3,,69.0,14.6,20,859,,66.5,13.4,20,,-0.18,-1,0.18,0.17,0.18,,2,Within 1 month,cont treat,Within 1 month,,,,,,,,,,,,,,,,,,,,,,,,,,,
Verbal learning LTM,Moyle et al 2007,2007,WMS-III - Auditory delayed recall,Auditory delayed (WMS III) - Score ,3,4,,108.0,14.2,12,-,,109.0,2.7,12,,0.10,-1,-0.10,-0.09,-0.36,,1,From birth,off diet,Soon after birth,,,,,,,,,,,,,,,,,,,,,,,,,,,
Verbal learning LTM,Moyle et al 2007,2007,WMS-III - Delayed recognition,Auditory recognition delayed (WMS III) -Score ,3,5,,99.0,11.8,12,-,,100.0,11.4,12,,0.09,-1,-0.09,-0.08,-0.08,,1,From birth,off diet,Soon after birth,,,,,,,,,,,,,,,,,,,,,,,,,,,
Verbal learning LTM,Palermo et al 2017,2017,Rey AVLT- Recall - % err,Rey AVLT - % errors over 5 trials,4,6,,24.1,11.2,37,720,,20.5,8.4,30,,-0.36,1,-0.36,-0.35,-0.42,,1,Since birth,cont treat,Soon after birth,,,,,,,,,,,,,,,,,,,,,,,,,,,
Verbal learning LTM,Palermo et al 2017,2017,Rey AVLT - Delayed recall  - % err,Ret AVLT delayed recall - % errors,4,7,,16.3,15.9,37,720,,15.1,15.1,30,,-0.08,1,-0.08,-0.08,-0.08,,1,Since birth,cont treat,Soon after birth,,,,,,,,,,,,,,,,,,,,,,,,,,,
Verbal learning LTM,Palermo et al 2017,2017,P-ass-Verl - Recall - % err,P-ass-VL - % errors over 5 trials,4,8,,43.5,22.9,37,720,,47.0,14.9,30,,0.18,1,0.18,0.18,0.23,,1,Since birth,cont treat,Soon after birth,,,,,,,,,,,,,,,,,,,,,,,,,,,
Verbal learning LTM,Palermo et al 2017,2017,P-ass-Verl - Delayed recall - % err,P-ass-VL delayed recall - % errors,4,9,,20.4,23.7,37,720,,29.3,24.5,30,,0.37,1,0.37,0.37,0.36,,1,Since birth,cont treat,Soon after birth,,,,,,,,,,,,,,,,,,,,,,,,,,,
Verbal learning LTM,Pilotto et al 2021,2021,Story recall,,5,10,,13.0,5.6,19,890,,20.0,3.1,25,,1.54,-1,-1.60,-1.57,-2.19,,,,,,,,,,,,,,,,,,,,,,,,,,,,,,,,
Verbal learning LTM,Romani et al 2020,2020,P-ass-Verl - Recall - % err,P-ass-VL - % errors,6,11,,20.8,8.8,19,1042,,19.7,6.1,19,,-0.15,1,-0.15,-0.14,-0.18,,1,Since birth,-,Soon after birth,,,,,,,,,,,,,,,,,,,,,,,,,,,
Verbal learning LTM,Romani et al 2020,2020,P-ass-Verl - Delayed recall - % err,P-ass-VL delayed recall - % errors,6,12,,10.2,11.0,19,1042,,4.9,7.0,19,,-0.57,1,-0.57,-0.56,-0.74,,1,Since birth,-,Soon after birth,,,,,,,,,,,,,,,,,,,,,,,,,,,
Verbal learning LTM,Smith et al 1996 - High Phe,1996,Story memory-immediate,Unit recalled,7,13,,10.3,4.9,11,1545,,14.0,3.6,22,,0.87,-1,-0.92,-0.89,-1.01,,--,--,-,--,,,,,,,,,,,,,,,,,,,,,,,,,,,
Verbal learning LTM,Smith et al 1996 - High Phe,1996,Story memory-delayed,Unit recalled,7,14,,8.9,4.0,11,1545,,12.7,3.7,22,,0.99,-1,-1.00,-0.98,-1.01,,--,--,-,--,,,,,,,,,,,,,,,,,,,,,,,,,,,
Verbal learning LTM,Smith et al 1996 - Low Phe,1996,Story memory-immediate,Unit recalled,8,15,,12.4,3.5,11,566,,14.0,3.6,22,,0.47,-1,-0.47,-0.46,-0.45,,--,--,-,--,,,,,,,,,,,,,,,,,,,,,,,,,,,
Verbal learning LTM,Smith et al 1996 - Low Phe,1996,Story memory-delayed,Unit recalled,8,16,,10.8,4.1,11,566,,12.7,3.7,22,,0.49,-1,-0.50,-0.49,-0.50,,--,--,-,--,,,,,,,,,,,,,,,,,,,,,,,,,,,
,,,,,8,16,,,12.3,281,933,,,9.8,226,,,0,-0.36,-0.35,-0.29,,,,,,,,,,,,,,,,,,,,,,,,,,,,,,,,
,,,,,,,,,,,,,,,,,,0,0.52,0.51,0.42,,,,,,,,,,,,,,,,,,,,,,,,,,,,,,,,
Visual learning LTM,Channon et al 2004,2004,Complex figure recogntion-% cor,Complex figure test recognition -  % correct,1,1,,58.8,4.4,20,859,,59.9,5.1,20,,0.24,-1,-0.24,-0.23,-0.22,-2.90,2,Within 1 month,cont treat,Within 1 month,,,,,,,,,,,,,,,,,,,,,,,,,,,
Visual learning LTM,Channon et al 2004,2004,Complex figure delayed recall-% cor,Complex figure test delayed recall-% correct,1,2,,63.3,19.1,20,859,,70.6,18.6,20,,0.39,-1,-0.39,-0.38,-0.39,,2,Within 1 month,cont treat,Within 1 month,,,,,,,,,,,,,,,,,,,,,,,,,,,
Visual learning LTM,Moyle et al 2007,2007,WMS-III Visual delayed,Visual Delayed  WMS III  - Score,2,3,,95.0,13.9,12,-,,97.0,2.9,12,,0.20,-1,-0.20,-0.19,-0.67,,1,From birth,off diet,Soon after birth,,,,,,,,,,,,,,,,,,,,,,,,,,,
Visual learning LTM,Nardecchia et al 2015,2015,Rey Figure recall-% cor,Rey figure test from memory second assessment - % correct,3,4,,44.6,37.2,14,-,,57.1,35.0,14,,0.35,-1,-0.35,-0.34,-0.35,,3,Witihn 2 months,cont treat,Witihn 2 months,,,,,,,,,,,,,,,,,,,,,,,,,,,
Visual learning LTM,Palermo et al 2017,2017,P-ass VisL % err,Delayed matching to sample -% errors,4,5,,14.1,8.5,37,720,,10.5,8.3,30,,-0.43,1,-0.43,-0.42,-0.43,,1,Since birth,cont treat,Soon after birth,,,,,,,,,,,,,,,,,,,,,,,,,,,
Visual learning LTM,Palermo et al 2017,2017,P-ass-VisL % err,P-ass VisL % errors. Delayed match to sample % errors,4,6,,3.1,3.8,37,720,,1.9,1.9,30,,-0.40,1,-0.39,-0.38,-0.62,,1,Since birth,cont treat,Soon after birth,,,,,,,,,,,,,,,,,,,,,,,,,,,
Visual learning LTM,Pilotto et al 2021,2021,Rey Figue recall-Raw score,,5,7,,21.0,11.2,19,890,,30.0,3.1,25,,1.09,-1,-1.17,-1.15,-2.81,,2,,,,,,,,,,,,,,,,,,,,,,,,,,,,,,
Visual learning LTM,Ris et al 1994,1994,Rey Figue recall-Raw score, Rey complex figure raw scores - N correct vs siblings ,6,8,,64.0,10.0,25,1332,,69.0,2.0,15,,0.69,-1,-0.62,-0.61,-2.45,,2,Within 1 month,cont treat,Within 1 month,,,,,,,,,,,,,,,,,,,,,,,,,,,
Visual learning LTM,Romani et al 2020,2020,P-ass VisL % err,Delayed matching to sample -% errors,7,9,,2.3,2.2,19,1042,,1.2,1.3,19,,-0.61,1,-0.61,-0.60,-0.83,,1,Since birth,-,Soon after birth,,,,,,,,,,,,,,,,,,,,,,,,,,,
,,,,,7,9,,,12.25,20.85714286,969,,,8.69,135,,,,-0.49,-0.48,-0.97,,,,,,,,,,,,,,,,,,,,,,,,,,,,,,,,
,,,,,,,,,,,,,,,,,,0,0.29,0.29,0.96,,,,,,,,,,,,,,,,,,,,,,,,,,,,,,,,
Visuo-spatial skills,Channon et al 2004,2004,Complex figure copy immediate,Complex Figure Test -initial copy - % correct,1,1,,98.2,2.6,20,859,,98.2,4.2,20,,0.00,-1,0.00,0.00,0.00,-0.72,2,Within 1 month,cont treat,Within 1 month,,,,,,,,,,,,,,,,,,,,,,,,,,,
Visuo-spatial skills,Channon et al 2005,2005,PJT-shape match-% cor,Perceptual Judgesment task: Shape matching - % correct,2,2,,99.4,1.7,25,759,,99.4,1.7,25,,0.00,-1,0.00,0.00,0.00,,2,Within 1 month,cont treat,Within 1 month,,,,,,,,,,,,,,,,,,,,,,,,,,,
Visuo-spatial skills,Channon et al 2005,2005,PJT-shape match-speed,Perceptual Judgesment task: Shape Matching - Speed per item,2,3,,1.0,0.4,25,759,,0.8,0.3,25,,-0.52,1,-0.52,-0.51,-0.61,,2,Within 1 month,cont treat,Within 1 month,,,,,,,,,,,,,,,,,,,,,,,,,,,
Visuo-spatial skills,Channon et al 2005,2005,PJT-function match-% cor,Perceptual Judgesment task: Function matching -  % correct,2,4,,97.4,3.9,25,759,,98.8,2.2,25,,0.45,-1,-0.45,-0.44,-0.63,,2,Within 1 month,cont treat,Within 1 month,,,,,,,,,,,,,,,,,,,,,,,,,,,
Visuo-spatial skills,Channon et al 2005,2005,PJT-function match-speed,Perceptual Judgesment task: Function matching - Speed per item,2,5,,1.1,0.3,25,759,,1.0,0.3,25,,-0.33,1,-0.33,-0.32,-0.33,,2,Within 1 month,cont treat,Within 1 month,,,,,,,,,,,,,,,,,,,,,,,,,,,
Visuo-spatial skills,Channon et al 2007,2007,PJT-shape match-% cor,Perceptual judgement task:shape matching;  off diet - % correct ,3,6,,98.2,2.8,25,1286,,98.6,2.0,45,,0.16,-1,-0.17,-0.17,-0.20,,2,Within 1 month,off diet,Within 1 month,,,,,,,,,,,,,,,,,,,,,,,,,,,
Visuo-spatial skills,Channon et al 2007,2007,PJT-shape match-speed,Perceptual judgement task:shape matching; off diet vs controls - Speed per item ,3,7,,0.9,0.2,25,1286,,0.8,0.3,45,,-0.22,1,-0.21,-0.21,-0.19,,2,Within 1 month,off diet,Within 1 month,,,,,,,,,,,,,,,,,,,,,,,,,,,
Visuo-spatial skills,Channon et al 2007,2007,PJT-function match-% cor,Perceptual judgement: function matching;  off diet -  % correct,3,8,,97.0,6.0,25,1286,,98.0,2.6,45,,0.22,-1,-0.24,-0.24,-0.38,,2,Within 1 month,off diet,Within 1 month,,,,,,,,,,,,,,,,,,,,,,,,,,,
Visuo-spatial skills,Channon et al 2007,2007,PJT-function match-speed,Perceptual judgement: function matching; off diet vs controls - Speed per item ,3,9,,1.0,0.2,25,1286,,1.0,32.0,45,,0.00,1,0.00,0.00,0.00,,2,Within 1 month,off diet,Within 1 month,,,,,,,,,,,,,,,,,,,,,,,,,,,
Visuo-spatial skills,Nardecchia et al 2015,2015,Rey Figure copy,Rey Figure Test with copy at second assessment - N correct,4,10,,77.9,28.6,14,-,,86.8,24.3,14,,0.34,-1,-0.34,-0.33,-0.36,,3,Witihn 2 months,cont treat,Witihn 2 months,,,,,,,,,,,,,,,,,,,,,,,,,,,
Visuo-spatial skills,Pilotto 2021,2021,Rey Figure copy,,5,11,,36.0,1.6,19,890,,36.0,0.8,25,,0.00,1,0.00,0.00,0.00,,,,,,,,,,,,,,,,,,,,,,,,,,,,,,,,
,,,,,5,11,,,4.7,103,948,,,6.4,129,,,,-0.20,-0.20,-0.24,,,,,,,,,,,,,,,,,,,,,,,,,,,,,,,,
,,,,,,,,,,,,,,,,,,0,0.19,0.19,0.24,,,,,,,,,,,,,,,,,,,,,,,,,,,,,,,,
,,,,,,,,,,,,,,,,,,,,,,,,,,,,,,,,,,,,,,,,,,,,,,,,,,,,,
Visaul detection speed,Burgard et al 1997 - German,1997,Finger motor speed,Finger motor speed exercise adults german vs controls - Time,1,1,,248.0,42.0,8,870,,186.0,80.8,8,,-0.96,1,-0.96,-0.91,-0.73,-3.64,4,Within 3 months,5 years,Within 3 months,,,,,,,,,,,,,,,,,,,,,,,,,,,
Simple RT-Visuo-spatial,Dawson et al 2011 - off diet,2011,reciprocal saccade latency,Reciprocal of saccade latency,2,2,,5.6,0.8,56,1461,,5.9,0.1,56,,0.65,-1,-0.65,-0.65,-3.25,,--,early in life,until adolescence,Within 3 months,,,,,,,,,,,,,,,,,,,,,,,,,,,
Simple RT-Visuo-spatial,Dawson et al 2011 - on diet,2011,reciprocal saccade latency,Reciprocal of saccade latency,3,3,,6.0,0.9,21,640,,5.9,0.2,21,,-0.09,-1,0.09,0.09,0.33,,--,early in life,until adolescence,Soon after birth,,,,,,,,,,,,,,,,,,,,,,,,,,,
Simple RT-Visuo-spatial,Palermo et al 2017,2017,Simple detection-RT,Simple Detection - RT,4,4,,332.0,52.9,37,720,,316.0,56.9,30,,-0.29,1,-0.29,-0.29,-0.28,,1,Since birth,cont treat,Within 3 months,,,,,,,,,,,,,,,,,,,,,,,,,,,
Simple RT-Visuo-spatial,Romani et al 2020,2020,Simple detection-RT,Simple Detection - RT,5,5,,325.0,46.0,19,1042,,315.0,44.6,19,,-0.22,1,-0.22,-0.22,-0.22,,1,Since birth,-,Within 3 months,,,,,,,,,,,,,,,,,,,,,,,,,,,
,,,,,5,6,,,28.5,141,947,,,36.5,134,,,,-0.41,-0.40,-0.83,,,Since birth,,,,,,,,,,,,,,,,,,,,,,,,,,,,,
,,,,,,,,,,,,,,,,,,,0.41,0.39,1.40,,,,,,,,,,,,,,,,,,,,,,,,,,,,,,,,
Visual spatial attention RT,Jahja et al 2017,2017,Memory search-low load-RT,Memory search 2 dimension task - low memory load RT,1,1,,605.0,146.0,57,655,,549.0,80.0,57,,-0.48,1,-0.48,-0.47,-0.70,-1.75,1,Since birth,-,Soon after birth,,,,,,,,,,,,,,,,,,,,,,,,,,,
Visual spatial attention RT,Jahja et al 2017,2017,Memory search-high load-RT,Memory search 2 dimension task - high memory load - RT,1,2,,2144.0,570.0,57,655,,1875.0,418.0,57,,-0.54,1,-0.54,-0.53,-0.64,,1,Since birth,-,Soon after birth,,,,,,,,,,,,,,,,,,,,,,,,,,,
Visual spatial attention RT,Palermo et al 2017,2017,Choice detection - RT,Choice Reaction time - RT,2,3,,307.0,42.0,37,720,,281.0,31.3,30,,-0.70,1,-0.69,-0.68,-0.82,,1,Since birth,cont treat,Soon after birth,,,,,,,,,,,,,,,,,,,,,,,,,,,
Visual spatial attention RT,Palermo et al 2017,2017,Detection w/distractors - RT,Detection with distractors - RT,2,4,,438.0,70.6,37,720,,407.0,72.2,30,,-0.43,1,-0.43,-0.43,-0.42,,1,Since birth,cont treat,Soon after birth,,,,,,,,,,,,,,,,,,,,,,,,,,,
Visual spatial attention RT,Palermo et al 2017,2017,Feature search - RT,Feature search - RT,2,5,,606.0,167.6,37,720,,498.0,71.7,30,,-0.84,1,-0.81,-0.80,-1.49,,1,Since birth,cont treat,Soon after birth,,,,,,,,,,,,,,,,,,,,,,,,,,,
Visual spatial attention RT,Palermo et al 2017,2017,Conjoined search - RT,Conjoined search - RT,2,6,,1008.0,239.7,37,720,,841.0,126.3,30,,-0.87,1,-0.85,-0.84,-1.31,,1,Since birth,cont treat,Soon after birth,,,,,,,,,,,,,,,,,,,,,,,,,,,
Visual spatial attention RT,Ris et al 1994,1994,ADM visual search - RT,Attention Diagnostic Method - ADM visual search; unaffected siblings - Time (sec.),3,7,,461.0,132.0,25,1332,,395.0,48.0,15,,-0.66,1,-0.61,-0.59,-1.35,,2,Within 1 month,cont treat,Within 1 month,,,,,,,,,,,,,,,,,,,,,,,,,,,
Visual spatial attention RT,Romani et al 2020,2020,Detection w/distractors - RT,Detection with distractors - RT,4,8,,483.0,104.0,19,1042,,430.0,58.0,19,,-0.63,1,-0.63,-0.62,-0.89,,1,Since birth,-,Soon after birth,,,,,,,,,,,,,,,,,,,,,,,,,,,
Visual spatial attention RT,Romani et al 2020,2020,Feature search - RT,Feature search - RT,4,9,,752.0,262.0,19,1042,,586.0,113.0,19,,-0.82,1,-0.82,-0.81,-1.44,,1,Since birth,-,Soon after birth,,,,,,,,,,,,,,,,,,,,,,,,,,,
Visual spatial attention RT,Romani et al 2020,2020,Conjoined search - RT,Conjoined search - RT,4,10,,1152.0,237.0,19,1042,,938.0,203.0,19,,-0.97,1,-0.97,-0.95,-1.03,,1,Since birth,-,Soon after birth,,,,,,,,,,,,,,,,,,,,,,,,,,,
,,,,,4,10,,,197.1,138,937,,,122.2,121,,,,-0.68,-0.67,-1.01,,,,,,,,,,,,,,,,,,,,,,,,,,,,,,,,
,,,,,,,,,,,,,,,,,,,0.18,0.17,0.37,,,,,,,,,,,,,,,,,,,,,,,,,,,,,,,,
Visuo-spatial attention acc,Jahja et al 2017,2017,Memory search-low load - N err,Memory search 2 dimension task - Low memory load  - N errors,1,1,,1.7,2.4,57,655,,1.7,2.2,57,,0.00,1,0.00,0.00,0.00,-0.44,1,Since birth,-,Soon after birth,,,,,,,,,,,,,,,,,,,,,,,,,,,
Visuo-spatial attention acc,Jahja et al 2017,2017,Memory search-high load - N err,Memory search 2 dimension task - high memory load - N errors,1,2,,10.3,6.6,57,655,,9.2,8.0,57,,-0.15,1,-0.15,-0.15,-0.14,,1,Since birth,-,Soon after birth,,,,,,,,,,,,,,,,,,,,,,,,,,,
Visuo-spatial attention acc,Palermo et al 2017,2017,Choice detection- % err,Choice Reaction time -  % errors,2,3,,0.5,0.8,37,720,,0.4,0.8,30,,-0.13,1,-0.13,-0.12,-0.12,,1,Since birth,cont treat,Soon after birth,,,,,,,,,,,,,,,,,,,,,,,,,,,
Visuo-spatial attention acc,Palermo et al 2017,2017,Detection w/distractors - % err,Detection with distractors - % errors,2,4,,0.8,1.1,37,720,,0.6,0.6,30,,-0.23,1,-0.22,-0.22,-0.33,,1,Since birth,cont treat,Soon after birth,,,,,,,,,,,,,,,,,,,,,,,,,,,
Visuo-spatial attention acc,Palermo et al 2017,2017,Feature search - % err,Feature search - % errors,2,5,,1.6,2.6,37,720,,2.0,2.3,30,,0.16,1,0.16,0.16,0.17,,1,Since birth,cont treat,Soon after birth,,,,,,,,,,,,,,,,,,,,,,,,,,,
Visuo-spatial attention acc,Palermo et al 2017,2017,Conjunction search - % err,Conjoined Search - % errors,2,6,,2.4,2.7,37,720,,3.1,4.4,30,,0.19,1,0.20,0.19,0.16,,1,Since birth,cont treat,Soon after birth,,,,,,,,,,,,,,,,,,,,,,,,,,,
Visuo-spatial attention acc,Romani et al 2020,2020,Detection w/distractors - % err,Detection with distractors - % errors,3,7,,0.8,0.6,19,1042,,0.5,1.1,19,,-0.34,1,-0.34,-0.33,-0.27,,1,Since birth,-,Soon after birth,,,,,,,,,,,,,,,,,,,,,,,,,,,
Visuo-spatial attention acc,Romani et al 2020,2020,Feature search - % err,Conjoined search - RT,3,8,,1.6,4.7,19,1042,,0.6,1.2,19,,-0.29,1,-0.29,-0.29,-0.82,,1,Since birth,-,Soon after birth,,,,,,,,,,,,,,,,,,,,,,,,,,,
Visuo-spatial attention acc,Romani et al 2020,2020,Conjunction search - % err,Conjoined search - RT,3,9,,3.2,4.7,19,1042,,2.8,4.7,19,,-0.09,1,-0.09,-0.08,-0.08,,1,Since birth,-,Soon after birth,,,,,,,,,,,,,,,,,,,,,,,,,,,
,,,,,3,9,,,2.9,113,806,,,2.8,106,,,,-0.09,-0.09,-0.08,,,,,,,,,,,,,,,,,,,,,,,,,,,,,,,,
,,,,,,,,,,,,,,,,,,,0.19,0.18,0.18,,,,,,,,,,,,,,,,,,,,,,,,,,,,,,,,
Visuo motor control,Bartus et al 2018,2018,Motor screening test-Err score,Motor screening test (error raw score),1,1,,10.1,2.1,46,595,,8.5,1.9,31,,-0.77,1,-0.76,-0.75,-0.81,-1.84,1,Since birth,cont treat,Soon after birth,,,,,,,,,,,,,,,,,,,,,,,,,,,
Visuo motor control,Palermo et al 2017,2017,Grooved pegboard - Time ,Grooved pegboard - Time (sec.),2,2,,65.1,11.7,37,720,,59.2,5.1,30,,-0.65,1,-0.63,-0.62,-1.14,,1,Since birth,cont treat,Soon after birth,,,,,,,,,,,,,,,,,,,,,,,,,,,
Visuo motor control,Pietz et al 1998,1998,Long pins/ short pins pegboard-Time,MLS Long pins/ short pins pegboard -  Time (sec.),3,3,,452.0,72.2,57,1085,,430.0,77.5,40,,-0.29,-1,0.30,0.29,0.28,,4,Within 3 months,-,Within 3 months,,,,,,,,,,,,,,,,,,,,,,,,,,,
Visuo motor control,Pietz et al 1998,1998,Slow Video Tracking-Level dist,Slow Video Tracking task level distance,3,4,,17.2,6.7,57,1085,,13.1,3.5,40,,-0.77,1,-0.73,-0.72,-1.16,,4,Within 3 months,-,Within 3 months,,,,,,,,,,,,,,,,,,,,,,,,,,,
Visuo motor control,Pietz et al 1998,1998,Slow Video Tracking-Stability dist,Slow Video Tracking task stability distance,3,5,,6.5,3.0,57,1085,,4.9,3.6,40,,-0.48,1,-0.49,-0.49,-0.44,,4,Within 3 months,-,Within 3 months,,,,,,,,,,,,,,,,,,,,,,,,,,,
Visuo motor control,Pietz et al 1998,1998,Fast Video Tracking - Level dist,Fast Video Tracking task level distance,3,6,,37.9,15.2,57,1085,,26.5,8.6,40,,-0.92,1,-0.88,-0.88,-1.32,,4,Within 3 months,-,Within 3 months,,,,,,,,,,,,,,,,,,,,,,,,,,,
Visuo motor control,Pietz et al 1998,1998,Fast Video Tracking - Stability dist,Fast Video Tracking task stability distance,3,7,,16.6,11.8,57,1085,,8.5,6.4,40,,-0.85,1,-0.81,-0.81,-1.26,,4,Within 3 months,-,Within 3 months,,,,,,,,,,,,,,,,,,,,,,,,,,,
Visuo motor control,Pietz et al 1998,1998,MLS steadiness - N err,MLS steadiness N error,3,8,,4.7,6.0,57,1085,,3.1,4.7,40,,-0.30,1,-0.29,-0.29,-0.34,,4,Within 3 months,-,Within 3 months,,,,,,,,,,,,,,,,,,,,,,,,,,,
Visuo motor control,Pietz et al 1998,1998,MLS steadiness - Duration,MLS steadiness duration - Does not specify but assume seconds,3,9,,3.0,4.9,57,1085,,1.7,3.5,40,,-0.31,1,-0.30,-0.29,-0.37,,4,Within 3 months,-,Within 3 months,,,,,,,,,,,,,,,,,,,,,,,,,,,
Visuo motor control,Pietz et al 1998,1998,MLS line following - N err,MLS line following N error,3,10,,19.6,10.9,57,1085,,15.1,9.4,40,,-0.44,1,-0.44,-0.43,-0.47,,4,Within 3 months,-,Within 3 months,,,,,,,,,,,,,,,,,,,,,,,,,,,
Visuo motor control,Pietz et al 1998,1998,MLS line following - Duration ,MLS line following duration ,3,11,,14.4,11.8,57,1085,,10.7,8.6,40,,-0.36,1,-0.35,-0.35,-0.43,,4,Within 3 months,-,Within 3 months,,,,,,,,,,,,,,,,,,,,,,,,,,,
Visuo motor control,Pietz et al 1998,1998,MLS rotor circle - N err,MLS rotor circle - N error,3,12,,35.0,12.0,57,1085,,33.0,12.0,40,,-0.17,1,-0.17,-0.17,-0.17,,4,Within 3 months,-,Within 3 months,,,,,,,,,,,,,,,,,,,,,,,,,,,
Visuo motor control,Pietz et al 1998,1998,MLS rotor circle - Duration ,MLS rotor circle duration ,3,13,,101.0,52.0,57,1085,,89.0,58.0,40,,-0.22,1,-0.22,-0.22,-0.21,,4,Within 3 months,-,Within 3 months,,,,,,,,,,,,,,,,,,,,,,,,,,,
Visuo motor control,Pilotto 2021,2021,TMT A,,4,14,,29.0,13.6,19,890,,20.0,5.5,25,,-0.87,1,-0.91,-0.90,-1.61,,1,,cont treat,,,,,,,,,,,,,,,,,,,,,,,,,,,,
Visuo motor control,Romani et al 2020,2020,Grooved pegboard - Time ,Grooved pegboard - Time (sec.),5,15,,76.7,11.0,19,1042,,70.6,9.0,19,,-0.61,-1,0.61,0.59,0.66,,,,,,,,,,,,,,,,,,,,,,,,,,,,,,,,
Visuo motor control,Weglage et al 2013,2013,TMT - Time at baseline,TMT (ZVT); only  T1,6,16,,93.2,63.6,57,810,,77.0,19.7,46,,-0.34,1,-0.33,-0.33,-0.82,,3,Within 10 weeks ,cont treat,Within 10 weeks ,,,,,,,,,,74,18,46,,,,,,,,,,,,,,Weglage et al 2013,17
,,,,,6,16,,,16.3,178,866,,,14.5,145,,,,-0.41,-0.40,-0.58,,,,,,,,,,,,,,,,,,,,,,,,,,,,,,,,
,,,,,,,,,,,,,,,,,,,0.43,0.42,0.63,,,,,,,,,,,,,,,,,,,,,,,,,,,,,,,,
Naming RT,De Felice et al 2018,2018,Block Cyclic Naming-RT,Block cyclic naming -  RT (ms),1,1,,704.5,147.3,15,751,,679.0,143.1,24,,-0.18,1,-0.18,-0.17,-0.17,-1.95,1,Since birth,cont treat,Soon after birth,,,,,,,,,,,,,,,,,,,,,,,,,,,
Naming RT,Palermo et al 2017,2017,Continuous Picture Naming-RT ,Picture Naming - RT (ms),1,2,,897.0,138.9,37,720,,835.0,175.1,30,,-0.39,1,-0.40,-0.39,-0.35,,1,Since birth,cont treat,Soon after birth,,,,,,,,,,,,,,,,,,,,,,,,,,,
Naming RT,Palermo et al 2017,2017,Colour Naming-RT,Colour Naming - RT (ms),1,3,,731.0,141.8,37,720,,617.0,98.2,30,,-0.93,1,-0.92,-0.91,-1.15,,1,Since birth,cont treat,Soon after birth,,,,,,,,,,,,,,,,,,,,,,,,,,,
Naming RT,Palermo et al 2017,2017,Word Reading-RT,Word Reading - RT (ms),1,4,,574.0,120.0,37,720,,507.0,93.3,30,,-0.62,1,-0.62,-0.61,-0.71,,1,Since birth,cont treat,Soon after birth,,,,,,,,,,,,,,,,,,,,,,,,,,,
Naming RT,Palermo et al 2017,2017,Non-word reading-RT,Non-word reading - RT (ms),1,5,,795.0,296.7,37,720,,604.0,103.6,30,,-0.86,1,-0.83,-0.82,-1.82,,1,Since birth,cont treat,Soon after birth,,,,,,,,,,,,,,,,,,,,,,,,,,,
Naming RT,Sundermann et al 2011 - Gr1,2011,Stroop: neutral condition-RT,Stroop: neutral condition - RT - Group 1 Placebo second session,2,6,,879.9,120.7,9,1140,,889.0,154.1,15,,0.07,1,0.06,0.06,0.06,,1,Since birth,till  adolescence,Soon after birth,,,,,,,,,,,,,,,,,,,,,,,,,,,
Naming RT,Sundermann et al 2011 - Gr2,2011,Stroop: neutral condition-RT,Stroop: neutral condition - RT - Group 2 Placebo first session,3,7,,863.3,175.1,8,1210,,838.1,135.5,15,,-0.16,1,-0.17,-0.16,-0.18,,1,Since birth,till  adolescence,Soon after birth,,,,,,,,,,,,,,,,,,,,,,,,,,,
,,,,,3,7,,,162.9,69,955,,,129.0,84,,,,-0.43,-0.43,-0.62,,,,,,,,,,,,,,,,,,,,,,,,,,,,,,,,
,,,,,,,,,,,,,,,,,,,0.37,0.36,0.67,,,,,,,,,,,,,,,,,,,,,,,,,,,,,,,,
Language Accuracy,De Felice et al 2018,2018,Block Cyclic Naming 1st cycle - % err,Block Cyclic Naming - %  errors (1st cycle errors),1,1,,0.4,2.0,15,751,,0.2,1.8,24,,-0.11,1,-0.11,-0.10,-0.11,-0.40,1,Since birth,cont treat,Soon after birth,,,,,,,,,,,,,,,,,,,,,,,,,,,
Language Accuracy,De Felice et al 2018,2018,Verbal Narrative - % err,Verbal Narrative - %  Error/ total words,1,2,,2.1,1.4,33,751,,1.8,1.7,32,,-0.19,1,-0.19,-0.19,-0.17,,1,Since birth,cont treat,Soon after birth,,,,,,,,,,,,,,,,,,,,,,,,,,,
Language Accuracy,Palermo et al 2017,2017,Continuous Picture Naming - % err,Picture Naming - % errors,1,3,,8.5,11.0,37,720,,7.1,5.1,30,,-0.16,1,-0.16,-0.16,-0.27,,1,Since birth,cont treat,Soon after birth,,,,,,,,,,,,,,,,,,,,,,,,,,,
Language Accuracy,Palermo et al 2017,2017,Colour Naming - % err,Colour Naming - % errors,1,4,,0.1,0.2,37,720,,0.1,0.2,30,,0.00,1,0.00,0.00,0.00,,1,Since birth,cont treat,Soon after birth,,,,,,,,,,,,,,,,,,,,,,,,,,,
Language Accuracy,Palermo et al 2017,2017,Word Reading - % err,Word Reading - % errors,1,5,,0.7,1.0,37,720,,0.6,0.8,30,,-0.11,1,-0.11,-0.11,-0.12,,1,Since birth,cont treat,Soon after birth,,,,,,,,,,,,,,,,,,,,,,,,,,,
Language Accuracy,Palermo et al 2017,2017,Non-word reading - % err,Non-word reading - % errors,1,6,,7.9,10.8,37,720,,5.8,5.7,30,,-0.24,1,-0.24,-0.23,-0.36,,1,Since birth,cont treat,Soon after birth,,,,,,,,,,,,,,,,,,,,,,,,,,,
Language Accuracy,Pilotto et al 2021,2021,Token test,,2,7,,36.0,0.0,19,890,,36.0,0.0,25,,0.00,-1,0.00,0.00,0.00,,2,,,,,,,,,,,,,,,,,,,,,,,,,,,,,,
Language Accuracy,Pilotto et al 2021,2021,Boston Naming,,2,8,,15.0,0.8,19,890,,15.0,0.0,25,,0.00,-1,0.00,0.00,0.00,,2,,,,,,,,,,,,,,,,,,,,,,,,,,,,,,
Language Accuracy,Pilotto et al 2021,2021,Baxt ideomotor apraxia,,2,9,,33.0,4.8,19,890,,35.0,1.6,25,,0.56,-1,-0.60,-0.58,-1.25,,2,,,,,,,,,,,,,,,,,,,,,,,,,,,,,,
,,,,,2,9,,,3.6,56,805,,,1.9,55,,,,-0.16,-0.15,-0.13,,,,,,,,,,,,,,,,,,,,,,,,,,,,,,,,
,,,,,,,,,,,,,,,,,,,0.19,0.18,0.14,,,,,,,,,,,,,,,,,,,,,,,,,,,,,,,,
Spelling,Palermo et al 2017,2017,Word Spelling - % err,Word Spelling - % errors,1,1,,3.9,4.7,37,720,,4.8,5.7,30,,0.17,1,0.17,0.17,0.16,,1,Since birth,cont treat,Soon after birth,,,,,,,,,,,,,,,,,,,,,,,,,,,
Spelling,Palermo et al 2017,2017,Non-Word Spelling - % err,Non - Word Spelling - % errors,1,2,,13.3,8.2,37,720,,11.9,7.6,30,,-0.18,1,-0.18,-0.17,-0.18,,1,Since birth,cont treat,Soon after birth,,,,,,,,,,,,,,,,,,,,,,,,,,,
,,,,,1,2,,,6.5,37,720,,,6.7,30,,,,0.00,0.00,-0.01,,,,,,,,,,,,,,,,,,,,,,,,,,,,,,,,
,,,,,,,,,,,,,,,,,,,0.25,0.24,0.24,,,,,,,,,,,,,,,,,,,,,,,,,,,,,,,,
Phonological Tasks,Palermo et al 2017,2017,Phoneme Deletion - % err,Phoneme Deletion - % errors,1,1,,14.5,13.1,37,720,,11.2,8.7,30,,-0.30,1,-0.29,-0.29,-0.37,,1,Since birth,cont treat,Soon after birth,,,,,,,,,,,,,,,,,,,,,,,,,,,
Phonological Tasks,Palermo et al 2017,2017,Spoonerisms  - % err,Spoonerisms  - % errors,1,2,,10.9,14.7,37,720,,6.8,6.6,30,,-0.36,1,-0.35,-0.34,-0.61,,1,Since birth,cont treat,Soon after birth,,,,,,,,,,,,,,,,,,,,,,,,,,,
,,,,,1,2,,,13.9,37,720,,,7.7,30,,,,-0.32,-0.32,-0.49,,,,,,,,,,,,,,,,,,,,,,,,,,,,,,,,
,,,,,,,,,,,,,,,,,,,0.04,0.04,0.17,,,,,,,,,,,,,,,,,,,,,,,,,,,,,,,,
Social Cognition,Jahja et al 2016,2016,Reading the mind in the eyes-Score,Reading the mind in the eyes (RME) - high score indicate better ability to recognise emotions . (ToM),1,1,,24.4,3.9,56,657,,26.1,3.6,53,,0.45,-1,-0.45,-0.45,-0.47,-1.07,1,Since birth,-,Soon after birth,,,,,,,,,,,,,,,,,,,,,,,,,,,
Social Cognition,Jahja et al 2016,2016,ANT Facial Recognition  - % err,ANT Facial Recognition  - % errors,1,2,,7.1,3.5,56,657,,5.6,3.4,53,,-0.43,1,-0.43,-0.43,-0.44,,1,Since birth,-,Soon after birth,,,,,,,,,,,,,,,,,,,,,,,,,,,
Social Cognition,Jahja et al 2016,2016,ANT Facial Recognition-RT,ANT Facial Recognition - RT,1,3,,1197.0,272.0,56,657,,1133.0,221.0,53,,-0.26,1,-0.26,-0.26,-0.29,,1,Since birth,-,Soon after birth,,,,,,,,,,,,,,,,,,,,,,,,,,,
Social Cognition,Jahja et al 2016,2016,ANT identification of facial emotions-% err,ANT identification of facial emotions - % errors,1,4,,5.7,3.1,56,657,,4.6,2.5,53,,-0.39,1,-0.39,-0.39,-0.44,,1,Since birth,-,Soon after birth,,,,,,,,,,,,,,,,,,,,,,,,,,,
Social Cognition,Jahja et al 2016,2016,ANT identification of facial emotions-RT,ANT identification of facial emotions - RT,1,5,,874.0,182.0,56,657,,796.0,157.0,53,,-0.46,1,-0.46,-0.45,-0.49,,1,Since birth,-,Soon after birth,,,,,,,,,,,,,,,,,,,,,,,,,,,
Social Cognition,Jahja et al 2016,2016,Faux-pas Recogntion Test - Score,Faux - pas Recogntion Test Score - High score indicate better ability ,1,6,,49.2,5.1,56,657,,51.3,4.6,53,,0.43,-1,-0.43,-0.43,-0.45,,1,Since birth,-,Soon after birth,,,,,,,,,,,,,,,,,,,,,,,,,,,
Social Cognition,Palermo et al 2020,2020,Identity Test Accuracy - N correct,Identity Test Accuracy - N correct,2,7,,21.5,0.7,20,670,,21.4,1.0,25,,-0.12,-1,0.11,0.11,0.10,,2,Within 1 month,cont treat,Within 1 month,,,,,,,,,,,,,,,,,,,,,,,,,,,
Social Cognition,Palermo et al 2020,2020,Identity Test  - Time ,"Identity Test  - Time (sec,)",2,8,,2.8,1.1,20,670,,2.2,0.7,25,,-0.65,1,-0.67,-0.66,-0.84,,2,Within 1 month,cont treat,Within 1 month,,,,,,,,,,,,,,,,,,,,,,,,,,,
Social Cognition,Palermo et al 2020,2020,Affect Selection - N correct,Affect Selection - N correct,2,9,,18.5,2.0,20,670,,18.2,2.0,25,,-0.15,-1,0.15,0.15,0.15,,2,Within 1 month,cont treat,Within 1 month,,,,,,,,,,,,,,,,,,,,,,,,,,,
Social Cognition,Palermo et al 2020,2020,Affect Selection - Time ,Affect Selection - Time (sec.),2,10,,5.6,1.2,20,670,,4.7,1.3,25,,-0.72,1,-0.72,-0.70,-0.68,,2,Within 1 month,cont treat,Within 1 month,,,,,,,,,,,,,,,,,,,,,,,,,,,
Social Cognition,Palermo et al 2020,2020,3 Face Test - Accuracy - N correct,3 Face Test - Accuracy - N correct,2,11,,23.1,2.9,20,670,,22.6,4.8,25,,-0.13,-1,0.12,0.12,0.10,,2,Within 1 month,cont treat,Within 1 month,,,,,,,,,,,,,,,,,,,,,,,,,,,
Social Cognition,Palermo et al 2020,2020,3 Face Test - Time ,3 Face Test - Time (sec.),2,12,,5.5,2.0,20,670,,4.5,1.9,25,,-0.51,1,-0.51,-0.51,-0.52,,2,Within 1 month,cont treat,Within 1 month,,,,,,,,,,,,,,,,,,,,,,,,,,,
Social Cognition,Smith et al 1996 - High Phe,1996,Face memory,standard score,3,14,,9.6,2.1,11,1545,,11.9,2.8,22,,0.93,-1,-0.89,-0.86,-0.80,,--,--,-,--,,,,,,,,,,,,,,,,,,,,,,,,,,,
Social Cognition,Smith et al 1996 - High Phe,1996,Face closure,number correct,3,16,,24.5,4.1,11,1545,,28.0,4.5,22,,0.80,-1,-0.79,-0.77,-0.75,,--,--,-,--,,,,,,,,,,,,,,,,,,,,,,,,,,,
Social Cognition,Smith et al 1996 - Low Phe,1996,Face memory,standard score,4,13,,10.4,3.6,11,566,,11.9,2.8,22,,0.46,-1,-0.48,-0.47,-0.52,,--,--,-,--,,,,,,,,,,,,,,,,,,,,,,,,,,,
Social Cognition,Smith et al 1996 - Low Phe,1996,Face closure,number correct,4,15,,24.8,4.5,11,566,,28.0,4.5,22,,0.70,-1,-0.70,-0.69,-0.69,,--,--,-,--,,,,,,,,,,,,,,,,,,,,,,,,,,,
,,,,,4,15,,,30.9,98,860,,,26.1,122,,,,-0.42,-0.42,-0.44,,,,,,,,,,,,,,,,,,,,,,,,,,,,,,,,
,,,,,,,,,,,,,,,,,,,0.32,0.31,0.31,,,,,,,,,,,,,,,,,,,,,,,,,,,,,,,,
IQ**= studies where groups were matched for IQ,,,,,,,,,,,,,,,,,,,,,,,,,,,,,,,,,,,,,,,,,,,,,,,,,,,,,
IQ,Abgottspon et al. ,2022,WAIS- IV short form ,"matrix, symbol search, vocabulary, arthmetic",1,1,,97.0,11.9,20,702,,105.1,13.7,40,,0.63,-1,-0.62,-0.61,-0.58,-1.82,1,,,,,,,,,,,,,,,,,,,,,,,,,,,,,,
IQ,Burgard et al 1997 - German,1997,WISC-R & WAIS-R,WISC-R & WAIS-R - German Group,2,2,,104.5,10.5,8,870,,104.5,11.3,15,,0.00,-1,0.00,0.00,0.00,,4,Within 3 months,5 years,Within 3 months,,,,,,,,,,,,,,,,,,,,,,,,,,,
IQ*,Channon et al 2004,2004,WASI - Performance Index,WASI - Performance Index,3,3,,112.3,9.7,20,859,,114.7,10.4,20,,0.23,-1,-0.23,-0.23,-0.22,,2,Within 1 month,cont treat,Within 1 month,,,,,,,,,,,,,,,,,,,,,,,,,,,
IQ*,Channon et al 2004,2004,WASI - Verbal Index,WASI - Verbal Index,3,4,,108.6,9.5,20,859,,107.2,10.8,20,,-0.13,-1,0.13,0.13,0.12,,2,Within 1 month,cont treat,Within 1 month,,,,,,,,,,,,,,,,,,,,,,,,,,,
IQ*,Channon et al 2005,2005,WASI - Full scale-on diet,WASI - Full scale - on diet,3,5,,107.0,12.0,25,759,,107.3,10.4,25,,0.02,-1,-0.02,-0.02,-0.02,,2,Within 1 month,cont treat,Within 1 month,,,,,,,,,,,,,,,,,,,,,,,,,,,
IQ,Channon et al 2007,2007,WASI - Full scale-off diet,WASI - Full scale - off diet,3,6,,101.5,14.6,25,1286,,107.0,8.9,45,,0.45,-1,-0.49,-0.48,-0.61,,2,Within 1 month,cont treat,Within 1 month,,,,,,,,,,,,,,,,,,,,,,,,,,,
IQ,De Felice et al 2018,2018,WASI - Full scale,WASI - Full scale,4,7,,103.0,13.9,38,751,,113.9,9.7,39,,0.91,-1,-0.91,-0.90,-1.11,,1,Since birth,cont treat,Soon after birth,,,,,,,,,,,,,,,,,,,,,,,,,,,
IQ,Jahja et al 2017,2017,WISC-III and WAIS III Vocabulary/Block Design,WISC-III and WAIS III Vocabulary and Block Design,5,8,,100.0,12.0,57,655,,108.0,11.0,57,,0.69,-1,-0.69,-0.69,-0.72,,1,Since birth,-,Soon after birth,,,,,,,,,,,,,,,,,,,,,,,,,,,
IQ,Moyle et al 2007,2007,WAIS III - Perceptual Organisation Index ,WAIS III - Perceptual Organisation Index ,6,9,,101.0,19.7,12,-,,115.0,14.2,12,,0.82,-1,-0.82,-0.79,-0.95,,1,Since birth,off diet,Soon after birth,,,,,,,,,,,,,,,,,,,,,,,,,,,
IQ,Moyle et al 2007,2007,WAIS III - Processing Speed Index ,WAIS III - Processing Speed Index ,6,10,,92.0,12.5,12,-,,106.0,12.5,12,,1.12,-1,-1.12,-1.08,-1.08,,1,Since birth,off diet,Soon after birth,,,,,,,,,,,,,,,,,,,,,,,,,,,
IQ,Moyle et al 2007,2007,WAIS III - Working Memory Index ,WAIS III - Working Memory Index ,6,11,,103.0,19.7,12,-,,101.0,12.5,12,,-0.12,-1,0.12,0.12,0.15,,1,Since birth,off diet,Soon after birth,,,,,,,,,,,,,,,,,,,,,,,,,,,
IQ,Nardecchia et al 2015,2015,WAIS-R - Full scale,WAIS-R - Full scale,7,12,,97.6,10.8,14,-,,114.1,8.9,14,,1.66,-1,-1.66,-1.62,-1.79,,3,Witihn 2 months,cont treat,Witihn 2 months,,,,,,,,,,,,,,,,,,,,,,,,,,,
IQ,Pietz et al 1998,1998,WAIS-R - Full scale,WAIS-R - Full scale,8,13,,97.6,15.7,57,1085,,105.5,16.1,40,,0.50,-1,-0.50,-0.49,-0.49,,4,Within 3 months,-,Within 3 months,,,,,,,,,,,,,,,,,,,,,,,,,,,
IQ,Ris et al 1994,1994,WAIS-R - Full scale,WAIS-R - Full scale,9,14,,90.0,11.0,25,1332,,100.0,9.0,15,,1.00,-1,-0.97,-0.95,-1.09,,2,Within 1 month,cont treat,Within 1 month,,,,,,,,,,,,,,,,,,,,,,,,,,,
IQ,Romani et al 2020,2020,WAIS - Full scale,WAIS - Full scale,10,15,,98.9,15.0,19,1042,,110.1,12.0,19,,0.82,-1,-0.82,-0.81,-0.91,,1,Since birth,-,Soon after birth,,,,,,,,,,,,,,,,,,,,,,,,,,,
IQ*,Smith et al 1996 - High Phe,1996,WAIS - Full scale,WAIS - Full scale,11,16,,95.0,7.3,11,1545,,101.0,9.3,22,,0.72,-1,-0.69,-0.68,-0.63,,--,--,-,--,,,,,,,,,,,,,,,,,,,,,,,,,,,
IQ*,Smith et al 1996 - Low Phe,1996,WAIS - Full scale,WAIS - Full scale,12,17,,96.0,7.3,11,566,,101.0,9.3,22,,0.60,-1,-0.58,-0.56,-0.53,,--,--,-,--,,,,,,,,,,,,,,,,,,,,,,,,,,,
IQ*,Ulrich et al. 1996,1996,WAIS - Full scale,WAIS - Full scale,13,18,,82.0,14.0,8,1253,,92.2,8.5,8,,0.88,-1,-0.88,-0.83,-1.13,,--,--,-,--,,,,,,,,,,,,,,,,,,,,,,,,,,,
IQ,Weglage et al 2013,2013,WAIS - Full scale; baseline,WAIS - Full scale,14,19,,89.8,20.7,57,810,,103.3,16.5,46,,0.72,-1,-0.71,-0.71,-0.81,,3,Within 10 weeks ,-,Within 10 weeks ,,,,,,,,,,,,,,,,,,,,,,,,,,,
,,,,,14,19,,,13.2,399,943,,,11.2,431,,,,-0.60,-0.59,-0.66,,,,,,,,,,,,,,,,,,,,,,,,,,,,,,,,
OVERAL N MEASURES - NO iIQ ,,,,,,,,,,,,,,,,,,,0.46,0.44,0.51,,,,,,,,,,,,,,,,,,,,,,,,,,,,,,,,
OVERAL N MEASURES,,,,,,220,,,,,,,,,431,,,,,,,,,,,,,,,,,,,,,,,,,,,,,,,,,,,,,,
Only tasks including speed measures,,,,,,239,,,,,,,,,,,,,,,,,,,,,,,,,,,,,,,,,,,,,,,,,,,,,,,
,For Weglage only IQ at Time 0 has been used to make it consistent with sustained attention average should be used,,,,,,,,,,,,,,,,,,,,,,,,,,,,,,,,,,,,,,,,,,,,,,,,,,,,
,,,,,,,,,,,,,,,,,,,,,,,,,,,,,,,,,,,,,,,,,,,,,,,,,,,,,
,,,,,,,,,,,,,,,,,,,,,,,,,,,,,,,,,,,,,,,,,,,,,,,,,,,,,
,,1996,WAIS - Full scale,WAIS - Full scale,,,96,7.25,22,566,101,9.25,22,-1,--,,,,,,,,,,,,,,,,,,,,,,,,,,,,,,,,,,,,,,